first_name,last_name,email_address,telephone,company,position,location,source,created_date
Sarah,Lee,sarah_lee@horizon.solutions,+13425452674,Spark Innovations LP,Chief Data Officer,New York,CRM,2024-06-03
Laura,Ramirez,ramirez.laura@horizon.solutions,+19884766248,NexGen Solutions Inc,VP of Sales,Atlanta,CRM,2024-08-07
Emily,Thomas,emily_thomas@horizon.solutions,+12167849203,Spark Innovations Inc,CDO,Chicago,CRM,2024-03-10
Jessica,Rodriguez,rodriguez.jessica@digitalventures.co,+14586812287,Frontier Tech LLP,Marketing Coordinator,Atlanta,CRM,2024-03-04
Jennifer,Hernandez,hernandez.jennifer@catalyst.software,+19446797275,Prime Analytics LLC,Senior Software Engineer,Austin,CRM,2024-01-01
Jessica,Hernandez,jhernandez@catalyst.software,+18369673438,TechCorp LLC,VP Marketing,Denver,CRM,2024-09-02
Elizabeth,Clark,clark.elizabeth@velocity.tech,+12412346575,Pinnacle Tech Co.,Product Specialist,Portland,CRM,2024-11-14
Anthony,Brown,anthony.brown@innovatelabs.com,+12049249823,Horizon Solutions Inc,Assistant Manager,San Francisco,CRM,2024-08-04
Rebecca,White,rebeccawhite@techcorp.com,+19294104097,Synergy Corp Ltd.,CEO,Dallas,CRM,2024-01-02
Laura,Miller,laura_miller@techcorp.com,+12694005403,InnovateLabs LLP,Lead Developer,Portland,CRM,2024-05-12
Daniel,Martinez,daniel.martinez@pinnacle.tech,+17085525100,Vertex Analytics Corporation,Data Analyst,Chicago,CRM,2024-08-01
Laura,Lee,llee@techcorp.com,+19642441633,Pinnacle Tech Inc,Marketing Director,Portland,CRM,2024-07-27
David,Jackson,david.jackson@innovatelabs.com,+17518795138,Matrix Systems LP,Director of Engineering,Seattle,CRM,2024-01-23
Elizabeth,Moore,elizabethmoore@futuresoft.io,+17977466149,Horizon Solutions Corporation,Data Analyst,Austin,CRM,2024-05-01
Emily,Johnson,emily.johnson@horizon.solutions,+15707244173,Titan Systems LLC,Chief Financial Officer,Miami,CRM,2024-09-23
Rebecca,Anderson,rebecca_anderson@catalyst.software,+16687801869,Synergy Corp LLC,Data Analyst,Austin,CRM,2025-01-08
Christopher,Ramirez,christopher_ramirez@apextech.com,+17864005549,DataSystems Co.,Senior Data Analyst,Portland,CRM,2024-04-20
David,Robinson,david.robinson@synergycorp.com,+18438171554,Quantum Dynamics LP,Senior Data Analyst,Los Angeles,CRM,2024-06-27
Kathleen,Jackson,kathleen.jackson@futuresoft.io,+14995807178,Frontier Tech Limited,Junior Analyst,Los Angeles,CRM,2024-08-02
Sharon,Jones,sharon_jones@futuresoft.io,+17752619018,Beacon Analytics Inc.,Junior Analyst,Phoenix,CRM,2024-04-03
Matthew,Sanchez,msanchez@velocity.tech,+13202495094,Elevate Solutions Ltd.,Lead Developer,Portland,CRM,2024-10-15
Mark,Brown,markbrown@primeanalytics.com,+14209902861,InnovateLabs Limited,Business Analyst,Boston,CRM,2024-04-19
Matthew,White,mwhite@datasystems.io,+16093289299,Prime Analytics Corporation,Sales Representative,San Diego,CRM,2024-03-08
Amanda,Johnson,johnson.amanda@horizon.solutions,+18397032527,Horizon Solutions Inc,Business Analyst,San Francisco,CRM,2024-07-25
Rebecca,Brown,rebeccabrown@techcorp.com,+17638274529,Vertex Analytics Inc.,CEO,San Francisco,CRM,2024-10-04
Paul,Williams,paul_williams@quantum.io,+18696675350,Matrix Systems Inc,Senior Consultant,Los Angeles,CRM,2024-04-22
Kathleen,Lopez,kathleenlopez@pinnacle.tech,+12453702376,Matrix Systems LLC,Senior Vice President,Chicago,CRM,2024-02-04
Elizabeth,Smith,esmith@innovatelabs.com,+17374248613,Elevate Solutions LLP,Senior Product Manager,Phoenix,CRM,2024-04-04
John,Hernandez,hernandez.john@primeanalytics.com,+12655969126,Elevate Solutions LLC,Engineering Manager,Atlanta,CRM,2024-06-20
Michelle,Jones,michelle_jones@velocity.tech,+17236589106,Titan Systems LP,CMO,Miami,CRM,2024-01-06
Thomas,Martinez,thomas.martinez@digitalventures.co,+17328936363,Forge Technologies Corporation,Lead Developer,Los Angeles,CRM,2024-07-04
Laura,Anderson,anderson.laura@smarttech.ai,+14432593698,Frontier Tech Ltd.,Data Analyst,Philadelphia,CRM,2024-01-18
Laura,Sanchez,laura.sanchez@smarttech.ai,+14878549972,Matrix Systems Inc.,Associate Consultant,Austin,CRM,2024-10-20
John,Miller,john.miller@horizon.solutions,+15987422797,InnovateLabs LP,Assistant Manager,Boston,CRM,2024-07-28
Laura,Brown,lbrown@catalyst.software,+19309649874,Prime Analytics Inc.,Product Specialist,Atlanta,CRM,2024-01-09
David,Thomas,thomas.david@primeanalytics.com,+19314048849,Vertex Analytics Inc,Software Engineer,Dallas,CRM,2024-03-26
David,Lee,davidlee@innovatelabs.com,+14018011088,FutureSoft Corporation,Operations Manager,Philadelphia,CRM,2024-07-06
Cynthia,Garcia,cgarcia@quantum.io,+16797869421,Frontier Tech Inc.,CEO,Los Angeles,CRM,2024-09-27
Sarah,Jones,sarahjones@apextech.com,+17285538795,Pinnacle Tech Co.,CMO,Boston,CRM,2024-01-30
Michael,Martin,martin.michael@cloudsolutions.net,+12279654533,DigitalVentures Limited,Chief Data Officer,Denver,CRM,2024-12-22
Lisa,Lopez,lisa_lopez@cloudsolutions.net,+17189438366,Pinnacle Tech LLC,Director of Analytics,Chicago,CRM,2024-07-04
Daniel,Brown,daniel.brown@cloudsolutions.net,+15736348557,Spark Innovations LLP,Product Specialist,Seattle,CRM,2024-02-07
William,Lee,williamlee@velocity.tech,+12475695374,Frontier Tech Corporation,COO,Los Angeles,CRM,2024-05-01
James,Sanchez,jamessanchez@techcorp.com,+12285221583,Beacon Analytics LLP,Software Engineer,Washington DC,CRM,2024-09-30
William,Garcia,garcia.william@digitalventures.co,+13722034550,Frontier Tech Corp.,Chief Data Officer,New York,CRM,2024-11-16
Jessica,Jackson,jessica.jackson@quantum.io,+13177118342,FutureSoft Ltd.,Software Engineer,Chicago,CRM,2024-07-16
Lisa,Davis,lisadavis@techcorp.com,+12127662879,Forge Technologies Corporation,Junior Developer,Miami,CRM,2025-01-22
Robert,Robinson,robinson.robert@apextech.com,+16372432925,Quantum Dynamics Ltd.,Junior Analyst,Miami,CRM,2024-11-09
Sarah,Jones,sjones@nexgen.com,+14454657121,Prime Analytics Limited,Chief Operating Officer,New York,CRM,2024-03-23
Thomas,Miller,miller.thomas@smarttech.ai,+18787539951,Quantum Dynamics Inc,Account Manager,Boston,CRM,2025-01-16
Paul,Martinez,martinez.paul@futuresoft.io,+15054391678,Beacon Analytics LP,Product Manager,Atlanta,CRM,2025-01-25
David,Thomas,david.thomas@velocity.tech,+17229652685,Summit Software LLC,Senior Sales Executive,Philadelphia,CRM,2025-01-29
Cynthia,Martinez,cynthia.martinez@smarttech.ai,+17574415951,Pinnacle Tech Co.,Director of Operations,Seattle,CRM,2024-05-21
Jane,Walker,jane.walker@smarttech.ai,+15013693693,Horizon Solutions LP,Software Engineer,Atlanta,CRM,2024-08-13
William,Anderson,william.anderson@primeanalytics.com,+18344396717,DigitalVentures Limited,CMO,Austin,CRM,2024-08-28
John,Johnson,jjohnson@innovatelabs.com,+16568943014,Catalyst Software Inc.,Business Analyst,Dallas,CRM,2024-07-07
Sarah,Thompson,sthompson@quantum.io,+16193832634,Prime Analytics Ltd.,Marketing Director,Portland,CRM,2024-01-23
Anthony,Garcia,agarcia@cloudsolutions.net,+17916898994,Forge Technologies LP,VP of Operations,Los Angeles,CRM,2024-11-28
Cynthia,Hernandez,cynthia.hernandez@futuresoft.io,+16645545473,Velocity Systems LP,Customer Success Manager,Portland,CRM,2025-01-29
Elizabeth,Clark,eclark@synergycorp.com,+15225315338,Elevate Solutions Co.,Sales Associate,Chicago,CRM,2024-10-23
Donald,Sanchez,donald_sanchez@smarttech.ai,+16196666176,Matrix Systems LLC,VP of Operations,Phoenix,CRM,2024-09-22
Michael,Walker,michael.walker@innovatelabs.com,+12036388477,Frontier Tech LP,Operations Manager,Austin,CRM,2024-05-29
Jennifer,Clark,jennifer.clark@apextech.com,+16377554251,Matrix Systems Corporation,Senior Vice President,San Francisco,CRM,2024-02-24
Paul,Thomas,pthomas@nexgen.com,+14767776767,Synergy Corp LLP,Chief Operating Officer,Portland,CRM,2025-01-22
William,Rodriguez,wrodriguez@cloudsolutions.net,+19619617711,InnovateLabs Co.,Customer Success Manager,New York,CRM,2024-11-10
Jane,Johnson,jane_johnson@futuresoft.io,+15839466136,Velocity Systems LLC,Vice President of Engineering,San Francisco,CRM,2024-07-25
Jessica,Lewis,jessicalewis@horizon.solutions,+18093432405,Horizon Solutions Limited,Senior Software Engineer,Boston,CRM,2024-06-19
Elizabeth,Miller,elizabeth.miller@innovatelabs.com,+13245827250,Vertex Analytics Corp.,Chief Data Officer,San Diego,CRM,2024-07-10
Christopher,Johnson,christopher_johnson@horizon.solutions,+15619959623,Vertex Analytics Ltd.,COO,Miami,CRM,2025-01-11
Rebecca,Johnson,rebecca.johnson@horizon.solutions,+14697367115,Forge Technologies Corp.,Sales Representative,Seattle,CRM,2025-01-23
John,White,johnwhite@techcorp.com,+17656594297,Summit Software Co.,Sales Associate,Philadelphia,CRM,2024-01-15
Amanda,Hernandez,amanda_hernandez@datasystems.io,+16135542480,Quantum Dynamics LLC,Director of Engineering,Los Angeles,CRM,2024-07-14
Emily,Martin,emartin@horizon.solutions,+18612352686,TechCorp LLP,Business Development Manager,Philadelphia,CRM,2024-01-05
Laura,Garcia,lauragarcia@quantum.io,+14678614464,Beacon Analytics Corp.,Marketing Manager,Dallas,CRM,2024-08-08
Richard,Lewis,richard.lewis@futuresoft.io,+13322514836,Forge Technologies LLP,VP Marketing,San Diego,CRM,2024-01-18
Melissa,Johnson,johnson.melissa@apextech.com,+17584453550,Spark Innovations LP,Chief Data Officer,New York,CRM,2024-08-27
Jennifer,Lopez,jlopez@primeanalytics.com,+18849414269,Synergy Corp Ltd.,Business Analyst,Portland,CRM,2024-10-05
Thomas,Wilson,wilson.thomas@nexgen.com,+13618554006,Spark Innovations Ltd.,Sales Representative,San Diego,CRM,2024-08-19
Rebecca,Anderson,rebecca.anderson@techcorp.com,+17596652713,DigitalVentures LLP,Chief Executive Officer,Austin,CRM,2024-01-19
Jane,Lewis,jlewis@apextech.com,+16245932274,InnovateLabs Ltd.,Marketing Specialist,Denver,CRM,2024-06-28
Michelle,Brown,mbrown@apextech.com,+12228566273,Beacon Analytics LLC,Sales Associate,Phoenix,CRM,2024-03-10
Paul,Rodriguez,paul.rodriguez@cloudsolutions.net,+17872629803,Forge Technologies Corp.,Junior Analyst,Philadelphia,CRM,2024-03-14
Sharon,Young,sharon_young@velocity.tech,+13175693256,FutureSoft Inc.,VP of Operations,Boston,CRM,2024-04-09
Michelle,Robinson,michelle_robinson@synergycorp.com,+18679518426,Prime Analytics Ltd.,COO,New York,CRM,2024-07-16
Mark,Lee,lee.mark@synergycorp.com,+18488169720,SmartTech Inc,Junior Analyst,Dallas,CRM,2024-10-31
Laura,Taylor,laura_taylor@quantum.io,+19273253657,Elevate Solutions Co.,Product Specialist,Austin,CRM,2024-10-30
Lisa,Robinson,lisa_robinson@velocity.tech,+18548433905,Horizon Solutions Corp.,Customer Success Manager,Phoenix,CRM,2024-12-28
Emily,Brown,ebrown@primeanalytics.com,+14835561136,Prime Analytics LLC,Chief Technology Officer,Portland,CRM,2024-04-26
Jessica,Taylor,jessica_taylor@velocity.tech,+15347253605,DigitalVentures Limited,VP of Sales,Washington DC,CRM,2024-07-27
Kathleen,Moore,kathleen.moore@techcorp.com,+12575042368,CloudSolutions LLC,Sales Manager,Phoenix,CRM,2024-12-24
Donald,Martin,dmartin@techcorp.com,+16145939005,TechCorp Limited,Sales Manager,Chicago,CRM,2024-03-04
Kathleen,Johnson,kathleen.johnson@nexgen.com,+17675464129,Vertex Analytics Limited,Software Engineer,Austin,CRM,2024-01-19
Robert,Harris,robert_harris@horizon.solutions,+12464069042,FutureSoft LLC,Senior Sales Executive,Seattle,CRM,2024-12-05
Cynthia,Clark,cynthia.clark@horizon.solutions,+12463909331,Pinnacle Tech Limited,Software Engineer,Miami,CRM,2024-12-05
Paul,Hernandez,hernandez.paul@cloudsolutions.net,+15155212917,Matrix Systems LLP,Engineering Manager,Los Angeles,CRM,2024-09-08
Jennifer,Jones,jenniferjones@quantum.io,+12307333064,Pinnacle Tech Corp.,Sales Director,Miami,CRM,2025-01-26
Thomas,Johnson,johnson.thomas@futuresoft.io,+17397887044,Matrix Systems Co.,Chief Data Officer,San Diego,CRM,2024-06-21
Melissa,Jackson,jackson.melissa@techcorp.com,+16449384420,Beacon Analytics Corporation,Chief Operating Officer,Philadelphia,CRM,2024-11-27
Sarah,Sanchez,sarahsanchez@catalyst.software,+18395587389,Apex Technologies Ltd.,Junior Analyst,Miami,CRM,2024-06-18
Anthony,Harris,anthony.harris@horizon.solutions,+13377932259,DataSystems Co.,Engineering Manager,Seattle,CRM,2024-02-28
Elizabeth,Sanchez,elizabethsanchez@smarttech.ai,+16826003389,CloudSolutions Limited,Senior Data Analyst,Denver,CRM,2024-05-03
James,Anderson,anderson.james@datasystems.io,+16172261454,Apex Technologies Inc,CTO,Phoenix,CRM,2024-04-07
Anthony,Lopez,anthony.lopez@primeanalytics.com,+19588236983,Velocity Systems LP,Marketing Director,Los Angeles,CRM,2024-08-26
Sharon,Miller,sharonmiller@digitalventures.co,+16629827032,InnovateLabs LLC,Product Specialist,Seattle,CRM,2024-02-08
Emily,Anderson,anderson.emily@apextech.com,+12295879958,Spark Innovations Limited,Senior Sales Executive,Philadelphia,CRM,2024-03-14
Anthony,Johnson,anthony_johnson@quantum.io,+12216273910,Quantum Dynamics Ltd.,Marketing Director,Seattle,CRM,2024-03-10
Jane,Sanchez,jane_sanchez@apextech.com,+14189123866,Synergy Corp LLP,Sales Director,Washington DC,CRM,2024-05-03
Sharon,Johnson,johnson.sharon@horizon.solutions,+18674731357,Beacon Analytics Limited,Junior Developer,New York,CRM,2024-08-28
Richard,Miller,richard_miller@cloudsolutions.net,+13136864860,TechCorp Inc.,Operations Manager,Washington DC,CRM,2024-02-13
Amanda,Sanchez,amanda_sanchez@futuresoft.io,+19533428167,Velocity Systems Limited,Business Analyst,New York,CRM,2024-09-18
John,Young,john_young@futuresoft.io,+12305298092,Spark Innovations LLC,Sales Representative,Portland,CRM,2024-11-03
William,Clark,william.clark@cloudsolutions.net,+18725902795,Catalyst Software Limited,Junior Analyst,Phoenix,CRM,2024-03-14
Thomas,Taylor,thomas_taylor@innovatelabs.com,+13186698660,SmartTech LLC,Customer Success Manager,Boston,CRM,2024-03-10
Laura,Smith,smith.laura@datasystems.io,+13802045142,NexGen Solutions LLP,Data Analyst,Portland,CRM,2024-05-14
Jessica,Young,jyoung@quantum.io,+17888864632,Beacon Analytics Inc,VP Business Development,Miami,CRM,2024-11-23
Emily,Hernandez,hernandez.emily@velocity.tech,+17828617842,Prime Analytics Corporation,CTO,Washington DC,CRM,2024-04-18
John,Smith,john.smith@catalyst.software,+14478197173,Forge Technologies LP,Customer Success Manager,Atlanta,CRM,2024-11-12
John,Wilson,wilson.john@velocity.tech,+13196276547,Beacon Analytics LLP,Business Development Manager,Dallas,CRM,2024-01-11
Donald,Walker,donald_walker@smarttech.ai,+19482334411,Catalyst Software Limited,Senior Software Engineer,Phoenix,CRM,2024-11-08
Michael,Walker,walker.michael@quantum.io,+16186672828,Frontier Tech Inc.,Senior Vice President,Phoenix,CRM,2024-10-24
Paul,Martinez,paul_martinez@horizon.solutions,+16475017628,Synergy Corp LP,Chief Technology Officer,Austin,CRM,2024-05-26
Cynthia,Martin,cynthiamartin@datasystems.io,+17982393737,Matrix Systems LP,Marketing Manager,Seattle,CRM,2024-02-11
Paul,Johnson,johnson.paul@primeanalytics.com,+16142912002,Matrix Systems Corp.,Software Engineer,Dallas,CRM,2024-12-15
Michael,Taylor,michaeltaylor@innovatelabs.com,+17259299659,Summit Software LLP,Director of Analytics,Miami,CRM,2024-07-28
William,Rodriguez,rodriguez.william@innovatelabs.com,+18178059766,Summit Software LLP,Business Development Manager,Seattle,CRM,2024-11-18
Rebecca,Davis,rebecca.davis@innovatelabs.com,+16354793930,SmartTech Limited,Chief Data Officer,Miami,CRM,2024-10-18
Elizabeth,Taylor,elizabeth.taylor@nexgen.com,+15679405691,DigitalVentures Inc,Director of Operations,Atlanta,CRM,2024-07-07
Matthew,Jones,mjones@apextech.com,+14315157107,Forge Technologies Corporation,Chief Technology Officer,San Francisco,CRM,2024-07-31
Emily,Young,eyoung@catalyst.software,+14864755078,SmartTech Ltd.,CEO,Denver,CRM,2024-06-15
Mark,Davis,mdavis@smarttech.ai,+15348516870,Synergy Corp Limited,VP of Operations,Portland,CRM,2024-08-16
Elizabeth,Martinez,elizabeth.martinez@datasystems.io,+15295512842,Summit Software Corporation,Chief Operating Officer,Los Angeles,CRM,2024-06-03
Jennifer,Smith,smith.jennifer@futuresoft.io,+15324575306,Apex Technologies Ltd.,Director of Engineering,New York,CRM,2025-01-11
Emily,Johnson,emily_johnson@velocity.tech,+19905098566,Summit Software Inc,Operations Manager,Seattle,CRM,2024-05-15
Donald,White,dwhite@techcorp.com,+16986713047,Vertex Analytics Corporation,Assistant Manager,Miami,CRM,2024-10-18
Robert,Jones,robertjones@smarttech.ai,+14574161478,Horizon Solutions LLC,Associate Consultant,Philadelphia,CRM,2025-01-14
Melissa,Moore,melissa_moore@quantum.io,+17978789356,Synergy Corp Corporation,Chief Executive Officer,Boston,CRM,2024-02-27
John,Wilson,john.wilson@pinnacle.tech,+19157183038,Catalyst Software Ltd.,Chief Technology Officer,New York,CRM,2024-01-31
Sarah,Young,sarah_young@quantum.io,+12437923030,CloudSolutions LLC,COO,Phoenix,CRM,2024-12-22
Michael,Martinez,mmartinez@catalyst.software,+17903939164,FutureSoft Co.,VP of Sales,Miami,CRM,2024-01-17
Thomas,Smith,tsmith@horizon.solutions,+17249586845,Summit Software Limited,Lead Developer,Miami,CRM,2024-04-23
Jennifer,Moore,jennifer.moore@catalyst.software,+17416544849,Synergy Corp Ltd.,CEO,Phoenix,CRM,2024-07-29
Robert,Jones,robertjones@primeanalytics.com,+17029667137,CloudSolutions Inc,Senior Consultant,Phoenix,CRM,2024-07-10
Robert,White,rwhite@horizon.solutions,+18925869872,DataSystems Co.,Engineering Manager,Washington DC,CRM,2024-07-21
Melissa,Smith,melissa_smith@innovatelabs.com,+12919779010,Pinnacle Tech LLC,Product Director,Philadelphia,CRM,2024-02-16
Michael,Miller,michael_miller@techcorp.com,+16633037785,FutureSoft Limited,Sales Associate,Washington DC,CRM,2024-01-27
Cynthia,Thomas,cynthia.thomas@synergycorp.com,+14979761360,FutureSoft Inc,CDO,Phoenix,CRM,2024-12-05
Kathleen,Lee,klee@catalyst.software,+16424623919,Forge Technologies Co.,CEO,Phoenix,CRM,2025-01-28
Melissa,Jackson,melissa_jackson@horizon.solutions,+18705397495,Vertex Analytics LLP,VP of Operations,Phoenix,CRM,2024-07-23
Christopher,Jackson,christopher_jackson@techcorp.com,+12146277619,Synergy Corp LLP,Junior Developer,Phoenix,CRM,2024-04-16
Michael,White,michael.white@apextech.com,+13979035085,Velocity Systems Limited,CEO,Dallas,CRM,2024-01-01
Kathleen,Harris,kathleen_harris@datasystems.io,+18465703869,Beacon Analytics Ltd.,Marketing Manager,Portland,CRM,2024-07-07
Mark,Lewis,marklewis@digitalventures.co,+12076611999,Apex Technologies Limited,CFO,San Francisco,CRM,2024-02-25
John,Davis,johndavis@datasystems.io,+13076999335,Apex Technologies Corporation,Senior Vice President,Denver,CRM,2024-04-17
Emily,Young,eyoung@techcorp.com,+18385017754,DigitalVentures Inc,Chief Financial Officer,San Diego,CRM,2024-08-28
Melissa,Lopez,melissa.lopez@catalyst.software,+17634646312,DigitalVentures Inc,Marketing Coordinator,Portland,CRM,2024-10-28
Robert,Brown,rbrown@innovatelabs.com,+17922125452,DigitalVentures Inc.,Chief Financial Officer,Chicago,CRM,2025-01-07
John,Young,john.young@velocity.tech,+17142599412,Elevate Solutions LLC,Marketing Manager,San Francisco,CRM,2024-08-15
Jane,Jones,jane_jones@techcorp.com,+16734562978,Velocity Systems LLP,CTO,Los Angeles,CRM,2024-12-31
Melissa,Johnson,johnson.melissa@digitalventures.co,+13777278131,TechCorp Limited,Director of Operations,Denver,CRM,2024-08-04
Jennifer,Johnson,jennifer.johnson@digitalventures.co,+13624752665,FutureSoft Limited,Customer Success Manager,San Francisco,CRM,2024-09-21
Mark,Anderson,mark_anderson@digitalventures.co,+15154428636,DataSystems Inc,Assistant Manager,New York,CRM,2024-05-24
Daniel,Davis,daniel_davis@innovatelabs.com,+18376702521,Titan Systems LLC,Customer Success Manager,Seattle,CRM,2024-03-28
Jennifer,Clark,jennifer_clark@primeanalytics.com,+17373753823,CloudSolutions Corporation,Chief Data Officer,Portland,CRM,2024-04-28
James,Lopez,lopez.james@cloudsolutions.net,+16383885909,SmartTech Corp.,VP Business Development,Portland,CRM,2024-12-17
Melissa,Lopez,melissa.lopez@nexgen.com,+17576382573,Summit Software LLC,Chief Marketing Officer,Philadelphia,CRM,2024-04-17
David,Johnson,davidjohnson@futuresoft.io,+16462894501,Summit Software Corp.,CFO,Denver,CRM,2024-04-05
Daniel,Young,daniel.young@nexgen.com,+13199855950,Summit Software Co.,Junior Analyst,New York,CRM,2024-07-26
Sarah,Harris,sarah.harris@futuresoft.io,+12232604894,Forge Technologies Corp.,Senior Software Engineer,San Diego,CRM,2024-06-16
Sharon,Harris,sharon.harris@velocity.tech,+15403523143,NexGen Solutions Corporation,Sales Associate,Phoenix,CRM,2024-11-11
Daniel,Clark,daniel_clark@primeanalytics.com,+16319237918,Horizon Solutions Corporation,Senior Consultant,San Diego,CRM,2024-10-01
Michelle,Thomas,michellethomas@synergycorp.com,+17118857764,SmartTech LP,Senior Sales Executive,Denver,CRM,2024-04-01
Michael,Johnson,michael_johnson@catalyst.software,+15488923261,Elevate Solutions LLC,Associate Consultant,San Francisco,CRM,2024-11-24
Michael,Johnson,michael.johnson@horizon.solutions,+14645126159,InnovateLabs Inc,VP Business Development,Washington DC,CRM,2024-05-15
Anthony,Robinson,anthony.robinson@cloudsolutions.net,+19217342154,InnovateLabs Inc.,Associate Consultant,Portland,CRM,2024-11-09
Michelle,Clark,michelleclark@futuresoft.io,+18958544083,FutureSoft Co.,Senior Vice President,Atlanta,CRM,2024-06-10
Michelle,Sanchez,sanchez.michelle@synergycorp.com,+12049559964,Titan Systems Ltd.,Assistant Manager,Atlanta,CRM,2024-02-19
Michelle,Lopez,michellelopez@velocity.tech,+18372834361,Catalyst Software Limited,Marketing Coordinator,Dallas,CRM,2024-11-25
Thomas,Moore,tmoore@datasystems.io,+16686334320,Apex Technologies Corp.,Sales Representative,Miami,CRM,2024-02-29
Christopher,Moore,christopher_moore@catalyst.software,+19929432494,Matrix Systems Inc.,Director of Engineering,Atlanta,CRM,2024-01-15
James,Jones,jones.james@quantum.io,+14398078957,Horizon Solutions Inc,Engineering Manager,Boston,CRM,2024-07-27
David,Walker,dwalker@techcorp.com,+15887826393,Matrix Systems Inc,CEO,San Diego,CRM,2024-07-23
Jennifer,Thompson,jenniferthompson@apextech.com,+13483931975,Frontier Tech LP,Marketing Specialist,Austin,CRM,2024-01-14
Rebecca,Martin,rebecca_martin@innovatelabs.com,+17143365049,InnovateLabs Corp.,Director of Engineering,Denver,CRM,2024-05-11
James,Smith,jsmith@innovatelabs.com,+16184013705,TechCorp LLP,CMO,New York,CRM,2024-05-31
John,Young,johnyoung@nexgen.com,+12984128310,Pinnacle Tech Corporation,Junior Developer,Chicago,CRM,2024-02-21
Robert,Taylor,robert.taylor@apextech.com,+16693112548,FutureSoft Inc.,Sales Representative,Dallas,CRM,2025-01-31
Sharon,Rodriguez,sharon.rodriguez@futuresoft.io,+15876754651,DigitalVentures Corporation,Director of Operations,Boston,CRM,2024-04-11
Sharon,Harris,sharon.harris@primeanalytics.com,+17722171569,CloudSolutions LP,CDO,Atlanta,CRM,2024-02-26
John,Harris,harris.john@apextech.com,+13624821834,Quantum Dynamics Inc.,Sales Manager,Philadelphia,CRM,2024-03-21
Michael,Wilson,mwilson@smarttech.ai,+12419872839,Forge Technologies LLC,VP of Sales,Portland,CRM,2024-07-20
David,Walker,dwalker@futuresoft.io,+18236087251,SmartTech Limited,Sales Director,Portland,CRM,2024-10-19
Amanda,Walker,amanda.walker@synergycorp.com,+13646362809,SmartTech Ltd.,Product Specialist,New York,CRM,2024-05-17
Jessica,Anderson,anderson.jessica@cloudsolutions.net,+16746614233,Vertex Analytics LLC,Product Specialist,San Francisco,CRM,2024-03-23
Cynthia,Robinson,crobinson@catalyst.software,+15409101088,Horizon Solutions Inc,VP Business Development,San Francisco,CRM,2024-06-09
Sharon,Clark,sharon_clark@smarttech.ai,+19015371265,Catalyst Software Ltd.,Senior Sales Executive,Denver,CRM,2024-10-05
Donald,Smith,donald.smith@pinnacle.tech,+18924114274,Vertex Analytics LP,Sales Director,Washington DC,CRM,2024-06-01
Jennifer,Wilson,wilson.jennifer@pinnacle.tech,+15206353543,Matrix Systems Corporation,Account Manager,Miami,CRM,2025-01-21
Jane,Garcia,jgarcia@synergycorp.com,+18972749689,Apex Technologies LLC,Marketing Coordinator,Boston,CRM,2024-11-03
Elizabeth,Miller,elizabeth_miller@synergycorp.com,+15965356848,Matrix Systems LLP,Marketing Manager,Phoenix,CRM,2024-07-30
Laura,Ramirez,lramirez@smarttech.ai,+13768928127,FutureSoft Co.,CDO,Portland,CRM,2024-09-05
Sarah,Martinez,martinez.sarah@futuresoft.io,+12306555354,SmartTech Co.,Marketing Coordinator,Phoenix,CRM,2024-01-01
Richard,White,richard.white@pinnacle.tech,+13946135291,Vertex Analytics Corp.,Chief Technology Officer,Austin,CRM,2024-10-07
William,Davis,william.davis@quantum.io,+12598497705,DataSystems Limited,Senior Product Manager,San Diego,CRM,2024-07-07
Robert,Thompson,robert.thompson@nexgen.com,+17082742580,SmartTech Inc.,Marketing Coordinator,San Francisco,CRM,2024-03-07
Sharon,Thomas,thomas.sharon@catalyst.software,+16063231693,Prime Analytics Co.,COO,Chicago,CRM,2024-02-05
Elizabeth,Lee,elizabeth_lee@techcorp.com,+18898777125,SmartTech Inc.,Chief Marketing Officer,Dallas,CRM,2024-11-22
Michelle,Robinson,michelle_robinson@nexgen.com,+16316275843,Matrix Systems Corporation,Chief Financial Officer,Phoenix,CRM,2025-01-25
Anthony,Thompson,anthony.thompson@apextech.com,+19346054016,Matrix Systems Corp.,Senior Data Analyst,Philadelphia,CRM,2024-01-13
Daniel,Lopez,daniel_lopez@velocity.tech,+14472188015,InnovateLabs Inc,CTO,Phoenix,CRM,2024-04-12
Michelle,Lewis,lewis.michelle@digitalventures.co,+15927723350,Synergy Corp Corp.,Marketing Director,San Francisco,CRM,2024-11-06
Rebecca,Garcia,rebeccagarcia@cloudsolutions.net,+13642123864,Beacon Analytics LLP,Senior Sales Executive,Portland,CRM,2024-03-23
Matthew,Lee,mlee@quantum.io,+16038049454,Forge Technologies Inc,Marketing Director,Boston,CRM,2024-08-01
Lisa,White,lwhite@primeanalytics.com,+13088927625,Summit Software LLP,Marketing Coordinator,Miami,CRM,2024-06-18
Jane,Garcia,janegarcia@datasystems.io,+19204955685,Catalyst Software LLP,Junior Developer,San Francisco,CRM,2024-03-02
Laura,Lopez,lopez.laura@nexgen.com,+13787802902,Matrix Systems Inc.,Senior Software Engineer,Dallas,CRM,2024-10-28
Sarah,Clark,sclark@techcorp.com,+14685635719,Prime Analytics Corp.,VP Business Development,Los Angeles,CRM,2024-04-22
John,Martin,john.martin@innovatelabs.com,+15584892924,Forge Technologies Co.,Product Manager,Dallas,CRM,2024-02-09
Richard,Ramirez,rramirez@horizon.solutions,+16215351056,Catalyst Software Inc,Marketing Coordinator,Washington DC,CRM,2024-07-23
Jessica,Jackson,jessicajackson@catalyst.software,+19694588115,Vertex Analytics Corp.,Chief Marketing Officer,Denver,CRM,2025-01-03
Rebecca,Taylor,rebecca_taylor@pinnacle.tech,+17052851476,Matrix Systems Corp.,Director of Analytics,Washington DC,CRM,2024-11-07
Michelle,Anderson,michelle_anderson@primeanalytics.com,+17589902498,Catalyst Software Ltd.,Director of Engineering,Boston,CRM,2024-06-10
Paul,Walker,paulwalker@cloudsolutions.net,+12042756372,Elevate Solutions Limited,Sales Representative,New York,CRM,2024-05-17
Emily,Lopez,elopez@apextech.com,+15176578699,SmartTech Corporation,Senior Sales Executive,Austin,CRM,2024-08-19
Lisa,Anderson,lisa.anderson@smarttech.ai,+18184492307,Titan Systems Inc,Customer Success Manager,Dallas,CRM,2025-01-29
Jennifer,Harris,jharris@quantum.io,+18674158502,Prime Analytics Limited,Associate Consultant,San Francisco,CRM,2024-10-29
Jane,White,jane_white@velocity.tech,+15025296682,DataSystems Inc,Junior Developer,Phoenix,CRM,2024-04-29
William,White,wwhite@digitalventures.co,+18523811788,DataSystems Inc.,Chief Financial Officer,Austin,CRM,2024-03-26
Robert,Wilson,wilson.robert@innovatelabs.com,+17173478176,Synergy Corp LLC,Operations Manager,Miami,CRM,2024-04-25
William,Sanchez,william.sanchez@pinnacle.tech,+17469206474,Titan Systems Ltd.,Sales Representative,San Diego,CRM,2024-03-21
Anthony,Jackson,anthony.jackson@pinnacle.tech,+15808499839,Spark Innovations LLP,Engineering Manager,New York,CRM,2024-01-19
Michelle,Davis,michelle.davis@techcorp.com,+19912834447,Summit Software Corporation,Chief Technology Officer,Washington DC,CRM,2024-05-24
Paul,Martinez,paul_martinez@apextech.com,+19428584309,DigitalVentures Inc.,Product Director,San Francisco,CRM,2024-01-13
Mark,Smith,mark_smith@datasystems.io,+15644248139,DataSystems LLC,CTO,Washington DC,CRM,2024-09-16
Donald,Rodriguez,donald_rodriguez@digitalventures.co,+15793161409,Matrix Systems Limited,Lead Developer,Dallas,CRM,2024-04-22
Sarah,Brown,sarah.brown@futuresoft.io,+19448018934,Forge Technologies Corporation,CMO,Miami,CRM,2024-11-02
Daniel,Thomas,dthomas@techcorp.com,+17916066368,Forge Technologies Co.,Associate Consultant,Denver,CRM,2024-08-29
Rebecca,Martin,rebecca.martin@synergycorp.com,+19559342018,FutureSoft Inc,Sales Manager,Miami,CRM,2024-10-14
William,Jones,wjones@techcorp.com,+15623105834,Quantum Dynamics LLP,Senior Data Analyst,Boston,CRM,2024-10-07
Paul,Davis,pauldavis@pinnacle.tech,+12116873686,Synergy Corp Ltd.,Product Director,San Francisco,CRM,2025-01-26
Jennifer,Wilson,jennifer.wilson@smarttech.ai,+15292627359,DigitalVentures Ltd.,Marketing Manager,Austin,CRM,2024-04-03
Christopher,Jones,christopher_jones@techcorp.com,+13814666099,FutureSoft LP,Director of Analytics,New York,CRM,2024-06-03
Daniel,Ramirez,dramirez@apextech.com,+15476223005,DigitalVentures Inc,Chief Data Officer,Miami,CRM,2024-05-21
Cynthia,Brown,cynthiabrown@primeanalytics.com,+17712215479,NexGen Solutions Limited,CTO,Denver,CRM,2024-08-08
Michelle,Ramirez,michelleramirez@techcorp.com,+18692757116,Titan Systems LLP,Data Analyst,Miami,CRM,2025-01-08
Sarah,Thomas,sarah_thomas@quantum.io,+16443489201,Frontier Tech Co.,Junior Analyst,Los Angeles,CRM,2024-12-25
Elizabeth,Davis,davis.elizabeth@cloudsolutions.net,+17196128108,SmartTech Corp.,Assistant Manager,Portland,CRM,2024-06-11
Melissa,Davis,davis.melissa@quantum.io,+19837892748,Titan Systems Corp.,Chief Executive Officer,San Francisco,CRM,2024-09-09
Laura,Thomas,lthomas@innovatelabs.com,+14692182063,Frontier Tech LLC,CTO,San Francisco,CRM,2024-10-25
David,Johnson,david.johnson@techcorp.com,+18065184717,Synergy Corp Corp.,Business Development Manager,Seattle,CRM,2024-12-18
Elizabeth,Lewis,lewis.elizabeth@digitalventures.co,+19192841247,Synergy Corp Co.,Product Specialist,Philadelphia,CRM,2024-05-11
James,Taylor,taylor.james@digitalventures.co,+15566072368,TechCorp Ltd.,Sales Representative,Philadelphia,CRM,2024-11-02
Melissa,Thomas,thomas.melissa@pinnacle.tech,+13459873193,InnovateLabs Co.,Chief Executive Officer,Seattle,CRM,2024-03-27
Sharon,Moore,sharonmoore@cloudsolutions.net,+19059633309,DataSystems Limited,CFO,Miami,CRM,2024-09-18
James,Davis,davis.james@smarttech.ai,+13689478953,Titan Systems Limited,Senior Consultant,Los Angeles,CRM,2024-06-12
Donald,Miller,donald_miller@synergycorp.com,+13324733665,Vertex Analytics Co.,Senior Software Engineer,San Diego,CRM,2024-02-04
Thomas,Anderson,anderson.thomas@pinnacle.tech,+15278893431,TechCorp Co.,Data Analyst,Phoenix,CRM,2024-10-20
Michael,Johnson,michael_johnson@nexgen.com,+14922846004,Catalyst Software LP,Junior Developer,Philadelphia,CRM,2024-10-23
Rebecca,Sanchez,rebeccasanchez@quantum.io,+18588699079,Horizon Solutions Co.,VP of Sales,Austin,CRM,2024-01-23
Kathleen,Sanchez,sanchez.kathleen@pinnacle.tech,+18565044993,SmartTech Inc,Director of Operations,Austin,CRM,2024-02-14
Michelle,Miller,michellemiller@catalyst.software,+17792967547,DigitalVentures Corp.,Junior Developer,Boston,CRM,2024-10-17
Lisa,Lee,lisa.lee@primeanalytics.com,+15667478045,NexGen Solutions Co.,Director of Operations,Dallas,CRM,2024-03-10
Jennifer,Brown,jbrown@horizon.solutions,+19364732845,Prime Analytics Inc.,VP Marketing,San Diego,CRM,2024-10-03
John,Walker,john_walker@quantum.io,+17506781315,CloudSolutions LLP,Senior Software Engineer,San Francisco,CRM,2024-09-12
Thomas,Davis,davis.thomas@catalyst.software,+12885744468,Apex Technologies Ltd.,Product Specialist,Chicago,CRM,2024-05-26
Sharon,Brown,sharonbrown@cloudsolutions.net,+16853001106,InnovateLabs LP,Sales Representative,Seattle,CRM,2024-12-14
James,Walker,james_walker@cloudsolutions.net,+17879602790,Quantum Dynamics LLC,Lead Developer,Portland,CRM,2024-07-28
Kathleen,Davis,davis.kathleen@cloudsolutions.net,+19348323555,Prime Analytics Corporation,Senior Consultant,Miami,CRM,2024-08-28
Daniel,Robinson,robinson.daniel@quantum.io,+17326716786,Beacon Analytics LLC,Marketing Manager,Los Angeles,CRM,2024-02-26
Anthony,Robinson,anthony_robinson@synergycorp.com,+13578679342,DigitalVentures Inc.,CTO,Seattle,CRM,2024-09-12
Paul,Brown,brown.paul@quantum.io,+13615799540,TechCorp LP,Business Development Manager,Los Angeles,CRM,2025-01-31
Laura,Johnson,laurajohnson@datasystems.io,+13784636930,TechCorp LP,Operations Manager,Boston,CRM,2024-06-15
Christopher,Hernandez,christopherhernandez@futuresoft.io,+19898651907,DataSystems LP,Business Analyst,Austin,CRM,2024-12-11
Robert,Walker,robert.walker@nexgen.com,+18064204365,TechCorp Co.,Sales Director,New York,CRM,2025-01-01
Jennifer,Davis,davis.jennifer@digitalventures.co,+17819724573,DataSystems Inc,Chief Technology Officer,Miami,CRM,2024-09-28
Michael,Rodriguez,mrodriguez@cloudsolutions.net,+13092094987,CloudSolutions Inc.,CFO,Austin,CRM,2024-03-06
Emily,Smith,smith.emily@innovatelabs.com,+12347565586,CloudSolutions Corp.,VP of Operations,Austin,CRM,2024-07-31
Donald,Sanchez,donaldsanchez@digitalventures.co,+12066964963,NexGen Solutions Limited,Product Manager,Denver,CRM,2024-05-26
James,Sanchez,james_sanchez@smarttech.ai,+14424183565,DataSystems LLP,Junior Developer,San Diego,CRM,2024-03-06
Jennifer,Martinez,jennifer_martinez@smarttech.ai,+19585262040,DigitalVentures Corporation,Associate Consultant,Denver,CRM,2024-05-03
Jessica,Sanchez,jessica.sanchez@innovatelabs.com,+17405576602,TechCorp Corporation,Sales Associate,Dallas,CRM,2024-12-30
Richard,Walker,rwalker@nexgen.com,+18544994809,Matrix Systems Corp.,Sales Director,Atlanta,CRM,2024-11-08
Matthew,Lopez,matthew.lopez@techcorp.com,+17382165670,CloudSolutions Limited,Software Engineer,New York,CRM,2024-04-24
Jane,White,jane.white@nexgen.com,+14646399808,Synergy Corp LP,Business Analyst,Dallas,CRM,2024-12-20
John,Lewis,jlewis@velocity.tech,+13728847937,NexGen Solutions Inc,Chief Technology Officer,Chicago,CRM,2024-10-10
Michael,Wilson,michael.wilson@catalyst.software,+14049646284,Synergy Corp Corp.,VP of Operations,Atlanta,CRM,2024-12-30
Donald,Wilson,dwilson@catalyst.software,+19924226197,DigitalVentures LP,Chief Operating Officer,Denver,CRM,2024-04-22
Sarah,Martinez,sarah_martinez@pinnacle.tech,+16276244051,Velocity Systems LLP,Marketing Coordinator,Portland,CRM,2025-01-19
Thomas,Hernandez,thomas_hernandez@futuresoft.io,+14437041421,DigitalVentures Inc,Chief Technology Officer,Portland,CRM,2024-05-01
Matthew,Ramirez,matthew_ramirez@catalyst.software,+18843785388,Forge Technologies Limited,VP Business Development,San Francisco,CRM,2024-09-01
Matthew,Robinson,matthew_robinson@horizon.solutions,+16056662903,Horizon Solutions Inc.,Business Development Manager,Boston,CRM,2024-08-31
Jennifer,Johnson,jennifer_johnson@nexgen.com,+12026788248,Catalyst Software Ltd.,Director of Analytics,Boston,CRM,2024-04-08
Richard,Taylor,rtaylor@innovatelabs.com,+13113295163,Apex Technologies LP,CTO,Dallas,CRM,2024-04-05
Christopher,Smith,smith.christopher@catalyst.software,+13178519351,TechCorp Inc,VP of Operations,Portland,CRM,2024-12-30
Lisa,Sanchez,lsanchez@pinnacle.tech,+14846685827,Quantum Dynamics Inc.,Chief Marketing Officer,Austin,CRM,2024-08-29
Cynthia,Johnson,cynthia_johnson@futuresoft.io,+18923139527,Apex Technologies LP,Marketing Manager,San Francisco,CRM,2025-01-14
Melissa,Lewis,melissa.lewis@nexgen.com,+12974999334,Forge Technologies Ltd.,Product Director,Austin,CRM,2024-02-14
Matthew,Robinson,matthew_robinson@datasystems.io,+19073327902,Synergy Corp Co.,CFO,Austin,CRM,2024-06-04
Michael,Harris,harris.michael@cloudsolutions.net,+16582491987,NexGen Solutions Corp.,Product Specialist,Boston,CRM,2024-04-01
Paul,Davis,pdavis@digitalventures.co,+19762036800,Summit Software LP,Senior Data Analyst,Atlanta,CRM,2024-05-16
Melissa,Hernandez,melissa.hernandez@smarttech.ai,+14074596025,Synergy Corp Limited,VP Marketing,Atlanta,CRM,2024-02-07
